sample_name	unit_name	fq1	fq2	sra	adapters
CSDN47	CSDN47	../raw/fastq/CSDN47.R1.fastq.gz	../raw/fastq/CSDN47.R2.fastq.gz		-a AGATCGGAAGAGCACACGTCTGAACTCCAGTCA -A AGATCGGAAGAGCGTCGTGTAGGGAAAGAGTGT
CSDN48	CSDN48	../raw/fastq/CSDN48.R1.fastq.gz	../raw/fastq/CSDN48.R2.fastq.gz		-a AGATCGGAAGAGCACACGTCTGAACTCCAGTCA -A AGATCGGAAGAGCGTCGTGTAGGGAAAGAGTGT
CSDN49	CSDN49	../raw/fastq/CSDN49.R1.fastq.gz	../raw/fastq/CSDN49.R2.fastq.gz		-a AGATCGGAAGAGCACACGTCTGAACTCCAGTCA -A AGATCGGAAGAGCGTCGTGTAGGGAAAGAGTGT
CSDN50	CSDN50	../raw/fastq/CSDN50.R1.fastq.gz	../raw/fastq/CSDN50.R2.fastq.gz		-a AGATCGGAAGAGCACACGTCTGAACTCCAGTCA -A AGATCGGAAGAGCGTCGTGTAGGGAAAGAGTGT
CSDN51	CSDN51	../raw/fastq/CSDN51.R1.fastq.gz	../raw/fastq/CSDN51.R2.fastq.gz		-a AGATCGGAAGAGCACACGTCTGAACTCCAGTCA -A AGATCGGAAGAGCGTCGTGTAGGGAAAGAGTGT
CSDN52	CSDN52	../raw/fastq/CSDN52.R1.fastq.gz	../raw/fastq/CSDN52.R2.fastq.gz		-a AGATCGGAAGAGCACACGTCTGAACTCCAGTCA -A AGATCGGAAGAGCGTCGTGTAGGGAAAGAGTGT
CSDN53	CSDN53	../raw/fastq/CSDN53.R1.fastq.gz	../raw/fastq/CSDN53.R2.fastq.gz		-a AGATCGGAAGAGCACACGTCTGAACTCCAGTCA -A AGATCGGAAGAGCGTCGTGTAGGGAAAGAGTGT
CSDN54	CSDN54	../raw/fastq/CSDN54.R1.fastq.gz	../raw/fastq/CSDN54.R2.fastq.gz		-a AGATCGGAAGAGCACACGTCTGAACTCCAGTCA -A AGATCGGAAGAGCGTCGTGTAGGGAAAGAGTGT
CSDN55	CSDN55	../raw/fastq/CSDN55.R1.fastq.gz	../raw/fastq/CSDN55.R2.fastq.gz		-a AGATCGGAAGAGCACACGTCTGAACTCCAGTCA -A AGATCGGAAGAGCGTCGTGTAGGGAAAGAGTGT
CSDN56	CSDN56	../raw/fastq/CSDN56.R1.fastq.gz	../raw/fastq/CSDN56.R2.fastq.gz		-a AGATCGGAAGAGCACACGTCTGAACTCCAGTCA -A AGATCGGAAGAGCGTCGTGTAGGGAAAGAGTGT
pF1	pF1	../raw/fastq/pF1_R1.fastq.gz	../raw/fastq/pF1_R2.fastq.gz		-a AGATCGGAAGAGCACACGTCTGAACTCCAGTCA -A AGATCGGAAGAGCGTCGTGTAGGGAAAGAGTGT
pF2	pF2	../raw/fastq/pF2_R1.fastq.gz	../raw/fastq/pF2_R2.fastq.gz		-a AGATCGGAAGAGCACACGTCTGAACTCCAGTCA -A AGATCGGAAGAGCGTCGTGTAGGGAAAGAGTGT
pM1	pM1	../raw/fastq/pM1_R1.fastq.gz	../raw/fastq/pM1_R2.fastq.gz		-a AGATCGGAAGAGCACACGTCTGAACTCCAGTCA -A AGATCGGAAGAGCGTCGTGTAGGGAAAGAGTGT
pM2	pM2	../raw/fastq/pM2_R1.fastq.gz	../raw/fastq/pM2_R2.fastq.gz		-a AGATCGGAAGAGCACACGTCTGAACTCCAGTCA -A AGATCGGAAGAGCGTCGTGTAGGGAAAGAGTGT
